"ID","Description","Status","Created At"
"1","First shipment: books","pending","2025-09-27 10:49:57"
"2","Second shipment: electronics","shipped","2025-09-27 10:49:57"
"3","Third shipment: office supplies","delivered","2025-09-27 10:49:57"
"4","Fourth shipment: furniture","in transit","2025-09-27 10:49:57"
"5","Fifth shipment: clothing","pending","2025-09-27 10:49:57"
"6","Sixth shipment: groceries","shipped","2025-09-27 10:49:57"
"7","Seventh shipment: computer parts","delivered","2025-09-27 10:49:57"
"8","Eighth shipment: toys","pending","2025-09-27 10:49:57"
"9","Ninth shipment: sports equipment","in transit","2025-09-27 10:49:57"
"10","Tenth shipment: musical instruments","pending","2025-09-27 10:49:57"
